id	date	body	summary
654192755972702200	2021-06-16 23:40:29 GMT	"<figure class=""tmblr-full"" data-orig-height=""500"" data-orig-width=""500""><img src=""https://64.media.tumblr.com/2f72d756fef127333f1f6a4714b51a9a/2ee5afe1591e8444-1a/s640x960/e84ce38e738c8a98174108b63e3527e384fad79c.png"" data-orig-height=""500"" data-orig-width=""500""/></figure><p>The Swedish Vallhund is a dog that looks like a cross between a Corgi and a wolf. </p><p><a href=""https://href.li/?https://dogtime.com/dog-breeds/swedish-vallhund#/slide/1"" target=""_blank"">Source</a> <a href=""https://href.li/?https://en.m.wikipedia.org/wiki/Swedish_Vallhund"" target=""_blank"">Source 2</a></p>"	"The Swedish Vallhund is a dog that looks like a cross between a Corgi and a wolf. 
Source Source 2"
654102163836043300	2021-06-15 23:40:33 GMT	"<figure class=""tmblr-full"" data-orig-height=""500"" data-orig-width=""500""><img src=""https://64.media.tumblr.com/5148cb028079da55ab9abf26fe81b68e/2d27b88ad250822a-c9/s640x960/a6431ddbf22c930fbc39a2f4f2f6a65c0a2c5cbb.png"" data-orig-height=""500"" data-orig-width=""500""/></figure><p>‚ÄòBackpfeifengesicht‚Äô is the German word for ‚Äòa face that‚Äôs badly in need of a punch‚Äô. </p><p><a href=""https://t.umblr.com/redirect?z=https%3A%2F%2Fwww.germany.info%2FVertretung%2Fusa%2Fen%2F__pr%2FGIC%2FTWIG__WoW%2F2014%2F23-Backpfeifengesicht.html&amp;t=ZTVmZGQ4NDQ3MmMzYzZiZDZiN2U5ZDFiYjhiZDBiNDA2ZWE4MTkxOCx3QVVVaUdrUQ%3D%3D&amp;b=t%3A9odsRPoFGf18STEObRA37g&amp;p=https%3A%2F%2Fdidyouknowblog.com%2Fpost%2F175899658238%2Fbackpfeifengesicht-is-the-german-word-for-a&amp;m=0"" target=""_blank"">Source</a> <a href=""https://t.umblr.com/redirect?z=https%3A%2F%2Fen.wiktionary.org%2Fwiki%2FBackpfeifengesicht&amp;t=NjNlOTE2NDViYzk3MGNmYmY3MTI4YjM3Yzc1Y2M2ZTkzYTYyYWZkYix3QVVVaUdrUQ%3D%3D&amp;b=t%3A9odsRPoFGf18STEObRA37g&amp;p=https%3A%2F%2Fdidyouknowblog.com%2Fpost%2F175899658238%2Fbackpfeifengesicht-is-the-german-word-for-a&amp;m=0"" target=""_blank"">Source 2</a></p>"	"‚ÄòBackpfeifengesicht‚Äô is the German word for ‚Äòa face that‚Äôs badly in need of a punch‚Äô. 
Source Source 2"
654011565648068600	2021-06-14 23:40:32 GMT	"<figure class=""tmblr-full"" data-orig-height=""500"" data-orig-width=""500""><img src=""https://64.media.tumblr.com/6fbf53dc99df52c9baf0045e9532aac0/80b6b0fae4ef4b6a-22/s640x960/eed1ddfbb890c5ea15b19432f9edf2b5e3466c88.png"" data-orig-height=""500"" data-orig-width=""500""/></figure><p>People who swear a lot are usually more honest than those who don‚Äôt. </p><p><a href=""https://t.umblr.com/redirect?z=http%3A%2F%2Fjournals.sagepub.com%2Fdoi%2F10.1177%2F1948550616681055&amp;t=YzY0NjIzZTZkODQ1YTI3OWFmZTlmYTI3MzkwYWRiZWUwNjNkNzFkNixtbk44VU5WNA%3D%3D&amp;b=t%3A9odsRPoFGf18STEObRA37g&amp;p=https%3A%2F%2Fdidyouknowblog.com%2Fpost%2F176003921202%2Fpeople-who-swear-a-lot-are-usually-more-honest&amp;m=0"" target=""_blank"">Source</a> <a href=""https://t.umblr.com/redirect?z=https%3A%2F%2Fwww.spring.org.uk%2F2017%2F01%2Fthe-forbidden-words-the-most-honest-people-use-more.php&amp;t=NTE1YWYzNmRkNGNlYjUxYmM1MWEwMjRiMjc2MmE4NGY0NGNkMWE0ZCxtbk44VU5WNA%3D%3D&amp;b=t%3A9odsRPoFGf18STEObRA37g&amp;p=https%3A%2F%2Fdidyouknowblog.com%2Fpost%2F176003921202%2Fpeople-who-swear-a-lot-are-usually-more-honest&amp;m=0"" target=""_blank"">Source 2</a></p>"	"People who swear a lot are usually more honest than those who don‚Äôt. 
Source Source 2"
6.5392098848188006e+17	2021-06-13 23:40:51 GMT	"<figure class=""tmblr-full"" data-orig-height=""500"" data-orig-width=""500""><img src=""https://64.media.tumblr.com/fd2b46af7a90486daeecad7294026b5c/b390b3f7ede67dc5-71/s640x960/968810b0317972f9b7dc986453f1db759aa52b2f.png"" data-orig-height=""500"" data-orig-width=""500""/></figure><p>If you didn‚Äôt sleep well last night, you can convince yourself that you did just by believing you aren‚Äôt tired. </p><p>It‚Äôs called ‚Äòplacebo sleep,‚Äô it improves cognitive function, and it makes you perform better than when you spend the day thinking about being tired. </p><p><a href=""https://t.umblr.com/redirect?z=http%3A%2F%2Fpsycnet.apa.org%2FdoiLanding%3Fdoi%3D10.1037%252Fa0035546&amp;t=MjA4NzY2MWY3ZWJkYmQ2ZDQyMzdkMzAyMTc1Y2IyOTFlY2Y4OTk4Nywwb216dFV2aQ%3D%3D&amp;b=t%3A9odsRPoFGf18STEObRA37g&amp;p=https%3A%2F%2Fdidyouknowblog.com%2Fpost%2F172186657224%2Fif-you-didnt-sleep-well-last-night-you-can&amp;m=0"" target=""_blank"">Source</a> <a href=""https://t.umblr.com/redirect?z=https%3A%2F%2Fwww.theatlantic.com%2Fhealth%2Farchive%2F2014%2F01%2Fstudy-believing-you-ve-slept-well-even-if-you-havent-improves-performance%2F283305%2F&amp;t=NThlNWMyZDkxYzcxNWUyOGQ5ZWQ3MTE3MTIwZDJmZDkwYjJhODc5ZCwwb216dFV2aQ%3D%3D&amp;b=t%3A9odsRPoFGf18STEObRA37g&amp;p=https%3A%2F%2Fdidyouknowblog.com%2Fpost%2F172186657224%2Fif-you-didnt-sleep-well-last-night-you-can&amp;m=0"" target=""_blank"">Source 2</a> <a href=""https://t.umblr.com/redirect?z=https%3A%2F%2Fwww.ncbi.nlm.nih.gov%2Fpubmed%2F%3Fterm%3DDraganich%2BC&amp;t=OGMyODE5MTA1N2I0MTViMzEwNDFlY2QyN2E3YWEyYTI0YTA4NTQ2OSwwb216dFV2aQ%3D%3D&amp;b=t%3A9odsRPoFGf18STEObRA37g&amp;p=https%3A%2F%2Fdidyouknowblog.com%2Fpost%2F172186657224%2Fif-you-didnt-sleep-well-last-night-you-can&amp;m=0"" target=""_blank"">Source 3</a></p>"	"If you didn‚Äôt sleep well last night, you can convince yourself that you did just by believing you aren‚Äôt tired. 
It‚Äôs called..."
653830375506853900	2021-06-12 23:40:36 GMT	"<figure class=""tmblr-full"" data-orig-height=""500"" data-orig-width=""500""><img src=""https://64.media.tumblr.com/7509043c661775b02d37797cef9b056b/ac66a6c2472491f4-d8/s640x960/592b4de054d7819120957bb0ae6e9f0b1eaa4f72.png"" data-orig-height=""500"" data-orig-width=""500""/></figure><p>The town of N√∂rdlingen, Germany, was built inside an old crater from a meteor that once crashed into the countryside. </p><p>Residents have incorporated parts of the meteor into their town, including the church - which is encrusted with meteorites and microscopic diamonds. </p><p><a href=""https://t.umblr.com/redirect?z=https%3A%2F%2Fwww.smithsonianmag.com%2Ftravel%2Fgerman-town-contains-millions-diamonds-180961467%2F&amp;t=MmViOTZkM2QwNWIxYmNkMzQ3OTlhM2I4ZWZmY2NiYWM1MjFhM2I5Nyx2TjhPT3BTRA%3D%3D&amp;b=t%3A9odsRPoFGf18STEObRA37g&amp;p=https%3A%2F%2Fdidyouknowblog.com%2Fpost%2F171241958726%2Fthe-town-of-n%C3%B6rdlingen-germany-was-built-inside&amp;m=0"" target=""_blank"">Source</a> <a href=""https://t.umblr.com/redirect?z=https%3A%2F%2Fen.wikipedia.org%2Fwiki%2FN%25C3%25B6rdlingen&amp;t=NjM5ZjRjNzRlNGU1YTFjNTlmMTA3ZTUyM2I2ZDJkYjYzMzc2YzVlNyx2TjhPT3BTRA%3D%3D&amp;b=t%3A9odsRPoFGf18STEObRA37g&amp;p=https%3A%2F%2Fdidyouknowblog.com%2Fpost%2F171241958726%2Fthe-town-of-n%C3%B6rdlingen-germany-was-built-inside&amp;m=0"" target=""_blank"">Source 2</a> <a href=""https://t.umblr.com/redirect?z=https%3A%2F%2Fwww.atlasobscura.com%2Fplaces%2Fnordingen&amp;t=YjNhZDliMDJmMjg1Y2JkOGJiYTQ4NWMwMWZiYmU0YWM3NDIyM2JkOSx2TjhPT3BTRA%3D%3D&amp;b=t%3A9odsRPoFGf18STEObRA37g&amp;p=https%3A%2F%2Fdidyouknowblog.com%2Fpost%2F171241958726%2Fthe-town-of-n%C3%B6rdlingen-germany-was-built-inside&amp;m=0"" target=""_blank"">Source 3</a></p>"	"The town of N√∂rdlingen, Germany, was built inside an old crater from a meteor that once crashed into the countryside. 
Residents..."
653739784123088900	2021-06-11 23:40:41 GMT	"<figure class=""tmblr-full"" data-orig-height=""500"" data-orig-width=""500""><img src=""https://64.media.tumblr.com/498282e94cbad63e53aa92a631dbb339/ad3ba9fc5dd5b1eb-c3/s640x960/4869accc6ba0f5602cf1175906dfea759f72e55c.png"" data-orig-height=""500"" data-orig-width=""500""/></figure><p>Lay your arm on a flat surface and push your thumb and pinky together. </p><p>If you don‚Äôt see a raised band across your wrist, you are a product of evolution. If you do, you‚Äôve got a useless extra muscle in your arm that is slowly being erased from our genetic code. </p><p><a href=""https://t.umblr.com/redirect?z=http%3A%2F%2Fwww.iflscience.com%2Fplants-and-animals%2Fyou-can-find-evidence-evolution-your-own-body&amp;t=Mzk1MWQxOTdhNzhkMzRjZWI1YjQ1YzViMzM2MTE3MTIyOWVkZWJmYixxWWpkc1BrRg%3D%3D&amp;b=t%3A9odsRPoFGf18STEObRA37g&amp;p=https%3A%2F%2Fdidyouknowblog.com%2Fpost%2F171180031839%2Fdid-you-kno-lay-your-arm-on-a-flat-surface-and&amp;m=0"" target=""_blank"">Source</a></p>"	"Lay your arm on a flat surface and push your thumb and pinky together. 
If you don‚Äôt see a raised band across your wrist, you..."
653649178776485900	2021-06-10 23:40:33 GMT	"<figure class=""tmblr-full"" data-orig-height=""500"" data-orig-width=""500""><img src=""https://64.media.tumblr.com/7a89c0ef626c322eeb2dd49f848c911a/01f831e49ff61551-c8/s640x960/cbfc06836d9896dd93bb84e64ea8f64d35f23f16.png"" data-orig-height=""500"" data-orig-width=""500""/></figure><p>Clearing the area to the left of your driveway after it snows can help you avoid the ‚Äòsecond shovel‚Äô. </p><p>This gives the plows a space to push all the snow from the road that would normally end up blocking your way, and then you won‚Äôt have to shovel twice. </p><p><a href=""https://t.umblr.com/redirect?z=http%3A%2F%2Fwww.mlive.com%2Flansing-news%2Findex.ssf%2F2014%2F11%2Fhow_to_avoid_the_second_shovel.html&amp;t=ZWE0YzJjYmM2ZTYxOGZlMjgwYzBkZTUzNDkxY2Y5YzJjOWQzNzIzNCw2dG1LNjNETg%3D%3D&amp;b=t%3A9odsRPoFGf18STEObRA37g&amp;p=https%3A%2F%2Fdidyouknowblog.com%2Fpost%2F170917008203%2Fclearing-the-area-to-the-left-of-your-driveway&amp;m=0"" target=""_blank"">Source</a> <a href=""https://t.umblr.com/redirect?z=https%3A%2F%2Fwww.facebook.com%2FMaineDOT%2Fphotos%2Fa.105620949481775.3824.104238899619980%2F1700085383368649%2F%3Ftype%3D3%26theater&amp;t=NTJjZTM5MzAwZWQ1ZWVlMzA5ZmY3ZDY3Njk0N2Q3ZWY4ZjZiN2FkNSw2dG1LNjNETg%3D%3D&amp;b=t%3A9odsRPoFGf18STEObRA37g&amp;p=https%3A%2F%2Fdidyouknowblog.com%2Fpost%2F170917008203%2Fclearing-the-area-to-the-left-of-your-driveway&amp;m=0"" target=""_blank"">Source 2</a></p>"	"Clearing the area to the left of your driveway after it snows can help you avoid the ‚Äòsecond shovel‚Äô. 
This gives the plows a..."
653558578749325300	2021-06-09 23:40:30 GMT	"<figure class=""tmblr-full"" data-orig-height=""500"" data-orig-width=""500""><img src=""https://64.media.tumblr.com/6ffdbc00d47d9ff1c42bec80d1e764c5/326aa63eb2bd5725-46/s640x960/eecd824d2cf6151440f684cd65b8082eaba26093.png"" data-orig-height=""500"" data-orig-width=""500""/></figure><p>If you want to be more productive, listen to a video game soundtrack while you work. People who work in silence are slower and less proficient than those who listen to music, and video game music is specifically designed to keep you motivated and finishing tasks without stealing your focus. </p><p><a href=""https://t.umblr.com/redirect?z=https%3A%2F%2Fwww.popsci.com%2Fwork-productivity-listening-music%23page-4&amp;t=NDEzYTZhZGNiMTE0MDBlZDc5ZjUzMzZlZDg0NDQ5Zjg1ODdmNGFhNixINHdCeW5Lag%3D%3D&amp;b=t%3A9odsRPoFGf18STEObRA37g&amp;p=https%3A%2F%2Fdidyouknowblog.com%2Fpost%2F170798162201%2Fif-you-want-to-be-more-productive-listen-to-a&amp;m=0"" target=""_blank"">Source</a> <a href=""https://t.umblr.com/redirect?z=https%3A%2F%2Fblog.desktime.com%2F2016%2F04%2F11%2Fwhy-you-should-listen-to-video-game-soundtracks-at-work%2F&amp;t=MzcxOWM1OWY0MGI4MjVmZTM3YWQxMGFjOGYwNDc3YjQxYWJhMDAwMSxINHdCeW5Lag%3D%3D&amp;b=t%3A9odsRPoFGf18STEObRA37g&amp;p=https%3A%2F%2Fdidyouknowblog.com%2Fpost%2F170798162201%2Fif-you-want-to-be-more-productive-listen-to-a&amp;m=0"" target=""_blank"">Source 2</a></p>"	If you want to be more productive, listen to a video game soundtrack while you work. People who work in silence are slower and...
653468014609563600	2021-06-08 23:41:02 GMT	"<figure class=""tmblr-full"" data-orig-height=""500"" data-orig-width=""500""><img src=""https://64.media.tumblr.com/a4ef9c5d44d816a56a15d398363ccae5/d3bf3582c3f6e98c-80/s640x960/6debf2808b0a2d25b7c3a17f91d6e35aad0d9fc8.png"" data-orig-height=""500"" data-orig-width=""500""/></figure><p>Taylor Muhl is her own twin. She has chimerism, which means her cells fused with her fraternal twin‚Äôs in the womb. </p><p>Her body has 2 sets of DNA, 2 immune systems, and 2 bloodstreams. </p><p>This has plagued her with autoimmune issues, as her immune system is constantly trying to fight off her twin sister‚Äôs cells. </p><p><a href=""https://t.umblr.com/redirect?z=https%3A%2F%2Fwww.yahoo.com%2Flifestyle%2Ftwin-woman-opens-rare-genetic-condition-202923507.html&amp;t=ZjM3M2NkYjRjMTUyNjVmNmYwNTUxZmM0ODI4YmY5ODEwMjFmNmQ1NSx2OEl2ckNZZg%3D%3D&amp;b=t%3A9odsRPoFGf18STEObRA37g&amp;p=https%3A%2F%2Fdidyouknowblog.com%2Fpost%2F170596245068%2Ftaylor-muhl-is-her-own-twin-she-has-chimerism&amp;m=0"" target=""_blank"">Source</a> <a href=""https://t.umblr.com/redirect?z=https%3A%2F%2Fen.m.wikipedia.org%2Fwiki%2FChimera_%28genetics%29&amp;t=ODE3NjI0NTI0YjZiZmNhZjhkNjJkOGFkOTMwMjUyNzZmMGQxMzI2MCx2OEl2ckNZZg%3D%3D&amp;b=t%3A9odsRPoFGf18STEObRA37g&amp;p=https%3A%2F%2Fdidyouknowblog.com%2Fpost%2F170596245068%2Ftaylor-muhl-is-her-own-twin-she-has-chimerism&amp;m=0"" target=""_blank"">Source 2</a> <a href=""https://t.umblr.com/redirect?z=https%3A%2F%2Fwww.instagram.com%2Ftaylormuhl%2F&amp;t=MWEyMWUyZTBkYzY2ZTY0NmNkNGJmMTY3MDM2N2UwZTgwN2YxNGNiMix2OEl2ckNZZg%3D%3D&amp;b=t%3A9odsRPoFGf18STEObRA37g&amp;p=https%3A%2F%2Fdidyouknowblog.com%2Fpost%2F170596245068%2Ftaylor-muhl-is-her-own-twin-she-has-chimerism&amp;m=0"" target=""_blank"">Source 3</a></p>"	"Taylor Muhl is her own twin. She has chimerism, which means her cells fused with her fraternal twin‚Äôs in the womb. 
Her body has..."
653377415549222900	2021-06-07 23:41:00 GMT	NA	In the time it took scientists to discover it, let it be a planet for 76 years, take away its planet status, say it might be a...
653286817527955500	2021-06-06 23:40:59 GMT	NA	Ravens can spot a cheater and will shun one another for being unfair. The birds work together to get equal amounts of food - but...
653196216541347800	2021-06-05 23:40:55 GMT	NA	Risk-taking is contagious. Studies show you‚Äôre more likely to take a risk on something if you see someone else do it first, even...
653105625682903e3	2021-06-04 23:41:01 GMT	NA	Kit Kats are made of Kit Kats. The manufacturers leave no Kit Kat uneaten, so every reject is mashed into a paste that‚Äôs used to...
653015005347856400	2021-06-03 23:40:38 GMT	NA	X-rays were discovered by accident. While experimenting with cathode rays covered by thick cardboard in 1895, Wilhelm R√∂ntgen...
652894207273533400	2021-06-02 15:40:36 GMT	NA	Studies show students learn more effectively from print books than they do from digital screens.¬† Source Source 2
652817440560070700	2021-06-01 19:20:26 GMT	"<figure class=""tmblr-full"" data-orig-height=""1196"" data-orig-width=""1196""><img src=""https://64.media.tumblr.com/d5ff2088e72eefabcb0cd1d13f15f09e/8c49b49fb1b25924-50/s640x960/297904cf5d8972130f363f473de31bb1896adf28.png"" data-orig-height=""1196"" data-orig-width=""1196""/></figure><p>Texas surprised me. üëÄ<br/><br/><a href=""https://didyouknowfacts.com/this-map-shows-what-people-think-is-the-worst-city-in-each-state/"" target=""_blank"">https://didyouknowfacts.com/this-map-shows-what-people-think-is-the-worst-city-in-each-state/</a></p>"	"Texas surprised me. üëÄ

https://didyouknowfacts.com/this-map-shows-what-people-think-is-the-worst-city-in-each-state/"
652718049418461200	2021-05-31 17:00:39 GMT	"<figure class=""tmblr-full"" data-orig-height=""500"" data-orig-width=""500""><img src=""https://64.media.tumblr.com/773c2948884a1dc4dd82073d1c4ed83d/caff121eda53518a-12/s640x960/613c45434e4c2fbeae971074a7d0903e9a8221a3.png"" data-orig-height=""500"" data-orig-width=""500""/></figure><p>Former US President Calvin Coolidge use to prank his bodyguards by pushing all the call buttons so everyone would come running, and then hiding under his desk while they frantically searched for him. </p><p><a href=""https://href.li/?http://www.historytoday.com/peter-clements/silent-cal"" target=""_blank"">Source</a></p>"	Former US President Calvin Coolidge use to prank his bodyguards by pushing all the call buttons so everyone would come running,...
652627476112195600	2021-05-30 17:01:02 GMT	"<figure class=""tmblr-full"" data-orig-height=""500"" data-orig-width=""500""><img src=""https://64.media.tumblr.com/5e12aecc0c8f352d8bc5250656e3fe04/250f736476309b53-50/s640x960/94b7b268ad6513aeb034f9a2ccf9ec0cb57eabd5.png"" data-orig-height=""500"" data-orig-width=""500""/></figure><p>Scientists say the best way to convey sarcasm in your text messages is to use a winky face. Without it, your jokes are often completely misinterpreted. </p><p><a href=""https://href.li/?http://www.tandfonline.com/doi/full/10.1080/17470218.2015.1106566"" target=""_blank"">Source</a></p>"	Scientists say the best way to convey sarcasm in your text messages is to use a winky face. Without it, your jokes are often...
652536858406977500	2021-05-29 17:00:42 GMT	"<figure class=""tmblr-full"" data-orig-height=""500"" data-orig-width=""500""><img src=""https://64.media.tumblr.com/42184db57d2b6ee47d4d2c936b49888b/2ee757e2f6faaff9-8f/s640x960/d0b0e532592b7865d8327afb6cab35d3cd36390e.png"" data-orig-height=""500"" data-orig-width=""500""/></figure><p>The official inventor of the fire hydrant is unknown because the original patent was burned in a fire. </p><p><a href=""https://href.li/?http://www.firehydrant.org/pictures/hydrant_history.html"" target=""_blank"">Source</a></p>"	"The official inventor of the fire hydrant is unknown because the original patent was burned in a fire. 
Source"
652446268632727600	2021-05-28 17:00:49 GMT	"<figure class=""tmblr-full"" data-orig-height=""500"" data-orig-width=""500""><img src=""https://64.media.tumblr.com/113b5712855d4f0ff059e2e50ab6c588/74804255d37de750-2c/s640x960/59a17669486a96dd94d463630fc2e5e715334014.png"" data-orig-height=""500"" data-orig-width=""500""/></figure><p>A man in Buffalo, NY, went out for drinks one winter night and parked his car next to Lake Erie. When he came to pick it up the next day, it had turned into this frozen-solid ice sculpture.</p><p><a href=""https://href.li/?http://strangesounds.org/2016/01/buffalo-extreme-lake-effect-snow-blizzard-ice-car-pictures-videos.html"" target=""_blank"">Source</a></p>"	A man in Buffalo, NY, went out for drinks one winter night and parked his car next to Lake Erie. When he came to pick it up the...
169907032374	2018-01-20 03:00:19 GMT	"<figure data-orig-width=""500"" data-orig-height=""500"" class=""tmblr-full""><img src=""https://64.media.tumblr.com/9914e68ffb45ac82a74598d4bc020c31/tumblr_inline_p2tzyeej6I1uy8wg3_540.png"" alt=""image"" data-orig-width=""500"" data-orig-height=""500""/></figure><p>Count Dooku and Grand Moff Tarkin were best friends in real life. Christopher Lee and Peter Cushing were in 24 movies together, and they once got kicked out of a movie theatre for laughing too hard while watching Looney Toons.¬†</p><p>#CELEBRITIES¬† #ENTERTAINMENT¬† ¬†#MOVIES</p><p>#bffs¬† ¬†#can you imagine being in that theatre and hearing dracula and-or dooku cackling behind you¬† ¬†#yaaasss</p>"	Count Dooku and Grand Moff Tarkin were best friends in real life. Christopher Lee and Peter Cushing were in 24 movies together,...
159863427939	2017-04-22 14:47:23 GMT	"<figure class=""tmblr-full"" data-orig-height=""326"" data-orig-width=""524"" data-orig-src=""https://64.media.tumblr.com/5d923b58bc737416d8bec4f17018f09c/tumblr_inline_nn67f2DoCk1sjh1ps_540.gif""><img src=""https://64.media.tumblr.com/5d923b58bc737416d8bec4f17018f09c/tumblr_inline_p7ht4xRWPp1sjh1ps_540.gif"" alt=""image"" data-orig-height=""326"" data-orig-width=""524"" data-orig-src=""https://64.media.tumblr.com/5d923b58bc737416d8bec4f17018f09c/tumblr_inline_nn67f2DoCk1sjh1ps_540.gif""/></figure><h2><b>HAPPY EARTH DAY, TUMBLR!</b></h2><p>Don‚Äôt forget to take care of Earth, because it‚Äôs the only planet in our solar system that has wi-fi.</p>

<figure class=""tmblr-full"" data-orig-height=""500"" data-orig-width=""500"" data-orig-src=""https://64.media.tumblr.com/38b1c6efcb52d4e1116460f880ca4b87/tumblr_inline_nn67rbT9721sjh1ps_500.gif""><img src=""https://64.media.tumblr.com/38b1c6efcb52d4e1116460f880ca4b87/tumblr_inline_p7ht4zaNr41sjh1ps_540.gif"" alt=""image"" data-orig-height=""500"" data-orig-width=""500"" data-orig-src=""https://64.media.tumblr.com/38b1c6efcb52d4e1116460f880ca4b87/tumblr_inline_nn67rbT9721sjh1ps_500.gif""/></figure>"	HAPPY EARTH DAY, TUMBLR! Don‚Äôt forget to take care of Earth, because it‚Äôs the only planet in our solar system that has wi-fi.
148760196808	2016-08-10 23:00:16 GMT	<p>(in the U.S.)</p><p>I was gonna write up a fact, but I just don‚Äôt feel like it.¬†</p>	TODAY IS NATIONAL LAZY DAY
143216334732	2016-04-22 14:00:17 GMT	"<p><br/></p><figure class=""tmblr-full"" data-orig-height=""326"" data-orig-width=""524"" data-orig-src=""https://64.media.tumblr.com/5d923b58bc737416d8bec4f17018f09c/tumblr_inline_nn67f2DoCk1sjh1ps_540.gif""><img src=""https://64.media.tumblr.com/5d923b58bc737416d8bec4f17018f09c/tumblr_inline_p7ibonOsdq1sjh1ps_540.gif"" class="""" alt=""image"" data-orig-height=""326"" data-orig-width=""524"" data-orig-src=""https://64.media.tumblr.com/5d923b58bc737416d8bec4f17018f09c/tumblr_inline_nn67f2DoCk1sjh1ps_540.gif""/></figure><h2><b><a href=""http://t.umblr.com/redirect?z=http%3A%2F%2Fdidyouknowblog.com&amp;t=NTRjOGI5YzIzMmExNTA2OTYzNTk5OGY3N2M5ZjU4OGQ0MzdjYTU4ZCxrazh4WE81dw%3D%3D"" target=""_blank"">HAPPY EARTH DAY, TUMBLR!</a></b></h2>
<p>Don‚Äôt forget to take care of Earth, because it‚Äôs the only planet in our solar system that has wi-fi.</p>
<figure class=""tmblr-full"" data-orig-height=""500"" data-orig-width=""500"" data-orig-src=""https://64.media.tumblr.com/38b1c6efcb52d4e1116460f880ca4b87/tumblr_inline_nn67rbT9721sjh1ps_500.gif""><img src=""https://64.media.tumblr.com/38b1c6efcb52d4e1116460f880ca4b87/tumblr_inline_p7ibooYENJ1sjh1ps_540.gif"" class="""" alt=""image"" data-orig-height=""500"" data-orig-width=""500"" data-orig-src=""https://64.media.tumblr.com/38b1c6efcb52d4e1116460f880ca4b87/tumblr_inline_nn67rbT9721sjh1ps_500.gif""/></figure>"	"HAPPY EARTH DAY, TUMBLR!
 Don‚Äôt forget to take care of Earth, because it‚Äôs the only planet in our solar system that has wi-fi."
137950561763	2016-01-24 15:00:23 GMT	"<p><br/></p><blockquote></blockquote><div class=""media-holder media-holder-draggable media-holder-figure"" contenteditable=""false"" draggable=""true""><figure class=""tmblr-full"" data-orig-height=""500"" data-orig-width=""500"" data-orig-src=""https://64.media.tumblr.com/81663e4db4604961305a3d4dbb46ca04/tumblr_inline_nnbtuoO5981sjh1ps_540.png""><img src=""https://64.media.tumblr.com/5ce653da34a511af90477906fa77a110/tumblr_inline_p84ry8RmQE1sjh1ps_540.png"" data-orig-height=""500"" data-orig-width=""500"" data-orig-src=""https://64.media.tumblr.com/81663e4db4604961305a3d4dbb46ca04/tumblr_inline_nnbtuoO5981sjh1ps_540.png""/></figure><div class=""media-button icon_close media-killer""></div></div><p><a href=""http://t.umblr.com/redirect?z=http%3A%2F%2Fedition.cnn.com%2FWORLD%2F9604%2F26%2Fchernobyl%2F230pm%2Findex2.html&amp;t=MGI5MDNiZjlmM2E3YzYxZmFlZWQ1NjQ3ZTE1OTQ4YjE4MDU2Yjg4OSxTc2xvWDN1OA%3D%3D"" target=""_blank"">Source</a><br/></p>"	Source
136748655491	2016-01-06 15:18:00 GMT	"<p><i>‚ÄùHi! I love your blog! I just saw something you posted on fingers, when they become wrinkly in water. I read somewhere the reason it happens is to give our fingers friction, if we were to try to climb while under water. Not sure where I read this, but I thought you might find it interesting.‚Äù</i></p><p>Hello, Tumblr! I‚Äôve received several messages about this in response to my post about scientists not knowing why our skin becomes wrinkly in water, so I thought I should address it. See below:</p><figure class=""tmblr-full"" data-orig-height=""500"" data-orig-width=""500""><img src=""https://64.media.tumblr.com/33de03a2cee6af6b0f491407aa78f038/tumblr_inline_o0jebqBI8k1sjh1ps_540.png"" data-orig-height=""500"" data-orig-width=""500""/></figure><p>As I understand it, scientists/researchers did initially assume that a better grip was the reason for our fingers wrinkling in water. A study was conducted, and it seemed to be the case. Participants with wrinkly fingers were better able to grip objects.</p><p>However, another study was later conducted, and the results were quite the opposite. Having wrinkly fingers made no difference in grip. I believe there are other studies planned, but at this point it‚Äôs safe to say that scientists do not know why our skin wrinkles in water.</p><p>(<a href=""http://www.smithsonianmag.com/smithsonian-institution/ask-smithsonian-why-do-we-get-prune-fingers-180956024/?no-ist"" target=""_blank"">Source</a>)</p>"	Why Do Your Fingers Get Pruney in Water?
129541853936	2015-09-21 03:00:24 GMT	"<p><a class=""tumblr_blog"" href=""http://nasa.tumblr.com/post/128206288709"" target=""_blank"">nasa</a>:</p>
<blockquote>
<p><figure data-orig-width=""400"" data-orig-height=""225"" class=""tmblr-full""><img src=""https://64.media.tumblr.com/57938372f6b853f2649f04e7486d8303/tumblr_inline_nu222xNp7J1tzhl5u_500.gif"" alt=""image"" data-orig-width=""400"" data-orig-height=""225""/></figure></p><p>Stargazing and looking up into the night sky is always a fun thing to do. <a href=""https://www.youtube.com/watch?v=jXMZmEOGLRc"" target=""_blank"">This month</a>, it will be especially exciting because there will be a total eclipse of a supermoon, plus the opportunity to see planets and the late-summer Milky Way!</p>
<p><b>What is a supermoon? </b></p>
<figure data-orig-width=""400"" data-orig-height=""225"" class=""tmblr-full""><img src=""https://64.media.tumblr.com/0c5c8d915284bf08d350468b3e8b9aad/tumblr_inline_nu22c5MP901tzhl5u_500.gif"" alt=""image"" data-orig-width=""400"" data-orig-height=""225""/></figure><p>A supermoon is a new or full moon that occurs when it is at, or near its closest approach to Earth in a given orbit. There are usually 4 to 6 supermoons every year. </p>
<p>Observers can view the total eclipse on September 27, starting at 10:11 p.m. EDT until 11:23 p.m. This event will be visible in North and South America, as well as Europe and Africa. So make sure to mark your calendars! </p>
<figure data-orig-width=""744"" data-orig-height=""372"" class=""tmblr-full""><img src=""https://64.media.tumblr.com/0e54db10414bc902bf8e29b5cda0681a/tumblr_inline_nu22lkFW4J1tzhl5u_540.png"" alt=""image"" data-orig-width=""744"" data-orig-height=""372""/></figure><p>This month, you will also be able to see the planets! Look for Mercury, Saturn, Pluto and Neptune in the evening sky. Uranus and Neptune at midnight, and Venus, Mars and Jupiter in the pre-dawn sky. </p>
<figure data-orig-width=""400"" data-orig-height=""225"" class=""tmblr-full""><img src=""https://64.media.tumblr.com/e6abfe561e9295868af5b6fe1b862f70/tumblr_inline_nu22seCEz91tzhl5u_500.gif"" alt=""image"" data-orig-width=""400"" data-orig-height=""225""/></figure><p>Finally, if you‚Äôre able to escape to a dark location, you might be able to see a great view of our Milky Way! </p>
<p>So, make sure to get outside this month and take a look at everything our night sky has to offer. </p>
<figure data-orig-width=""400"" data-orig-height=""225"" class=""tmblr-full""><img src=""https://64.media.tumblr.com/1470238b177ddda26b8c1ea7459d7f91/tumblr_inline_nu2305Tcq91tzhl5u_500.gif"" alt=""image"" data-orig-width=""400"" data-orig-height=""225""/></figure><p><i>Make sure to follow us on Tumblr for your regular dose of space:¬†<a href=""http://nasa.tumblr.com/"" target=""_blank"">http://nasa.tumblr.com</a> </i><br/></p>
</blockquote>"	What‚Äôs Up for September?
116780009221	2015-04-19 02:36:58 GMT	"<h2><b>Official Statement From didyouknow?:</b></h2><p>Earlier this week, someone created an image with a stolen didyouknowblog logo at the bottom of a fake Harry Potter fact. That image was then tweeted to J.K. Rowling by the impostor. When she responded to the tweet, TIME.com <a href=""http://time.com/3819902/jk-rowling-harry-potter-rumor/"" target=""_blank"">published an article regarding the incident.¬†</a></p><figure data-orig-width=""938"" data-orig-height=""639"" class=""tmblr-full""><img src=""https://64.media.tumblr.com/5ab5267f7de2cb91957a88855002f45d/tumblr_inline_nn18kaR6qu1sjh1ps_540.jpg"" alt=""image"" data-orig-width=""938"" data-orig-height=""639""/></figure><p>I want to officially state that this image was a fake, was not made by me, and is not affiliated with this blog in any way. Every didyouknow? fact is researched, at least one reputable source is cited for each post, and when mistakes are made, they are corrected.¬†</p><p>A big thank you to all the didyouknow? fans for following, reading, and sharing the many genuine Harry Potter facts I&rsquo;ve posted in the past. Ya‚Äôll know I love me some Dumbledore.</p><p><i>&ldquo;We must all face the choice between what is right, and what is easy.&rdquo;</i></p><p>And we must all dance dance revolution.</p><figure data-orig-width=""300"" data-orig-height=""175"" class=""tmblr-full""><img src=""https://64.media.tumblr.com/8a2f6eaa8306c59932ea40df1a85ebee/tumblr_inline_nn19u9xKqS1sjh1ps_500.gif"" alt=""image"" data-orig-width=""300"" data-orig-height=""175""/></figure>"	Official Statement From didyouknow?: Earlier this week, someone created an image with a stolen didyouknowblog logo at the bottom...
116301529441	2015-04-13 15:33:20 GMT	"<figure data-orig-width=""500"" data-orig-height=""500"" class=""tmblr-full""><img src=""https://64.media.tumblr.com/320f1e6371ba2964b62650db91920fe7/tumblr_inline_nmr4687tev1sjh1ps_540.png"" data-orig-width=""500"" data-orig-height=""500""/></figure><h2>Happy 272nd Birthday to Thomas Jefferson!¬†</h2><hr><p>Here are some of his most notable quotations:</p><ul><li>‚ÄúDo you want to know who you are? Don&rsquo;t ask. Act! Action will delineate and define you.&ldquo;<br/></li><li>&quot;History, in general, only informs us what bad government is.&rdquo;<br/></li><li>&ldquo;He who knows best knows how little he knows.&rdquo;<br/></li><li>&ldquo;On matters of style, swim with the current, on matters of principle, stand like a rock.&rdquo;<br/></li><li>&ldquo;The man who reads nothing at all is better educated than the man who reads nothing but newspapers.&rdquo;<br/></li><li>&ldquo;Pride costs us more than hunger, thirst and cold.&quot;¬†<br/></li><li>&quot;Every day is lost in which we do not learn something useful. Man has no nobler or more valuable possession than time.&rdquo;</li></ul><p><a href=""http://books.google.co.in/books?id=ZTIoAAAAYAAJ&amp;pg=PA74&amp;redir_esc=y#v=onepage&amp;q&amp;f=false"" target=""_blank"">Source</a></p>"	Happy 272nd Birthday to Thomas Jefferson!¬† Here are some of his most notable quotations: ‚ÄúDo you want to know who you are? Don't...
115991074351	2015-04-10 02:00:22 GMT	"<figure data-orig-width=""499"" data-orig-height=""522"" class=""tmblr-full""><img src=""https://64.media.tumblr.com/9f3913b62877e0dc39787e8d5c66514b/tumblr_inline_nmewbkQNSs1sjh1ps_540.png"" alt=""image"" data-orig-width=""499"" data-orig-height=""522""/></figure><blockquote>NATIONAL DAYS OF REMEMBRANCE, 2015</blockquote><p>‚ÄúI cannot allow these people to die, people who have come to me for help with death staring them in the eyes. Whatever punishment may be imposed on me, I know I should follow my conscience.‚Äù¬†</p><p><a href=""http://en.wikipedia.org/wiki/Chiune_Sugihara"" target=""_blank"">More about Chiune Sugihara

</a><br/></p>"	NATIONAL DAYS OF REMEMBRANCE, 2015 ‚ÄúI cannot allow these people to die, people who have come to me for help with death staring...
100011936431	2014-10-01 14:00:00 GMT	"<p>
<script src=""//cdn.playbuzz.com/widget/feed.js"" type=""text/javascript""></script></p>
<div class=""pb_feed"" data-height=""auto"" data-game=""/scotto/how-awesome-is-your-general-knowledge"" data-tags=""All"" data-recommend=""false"" data-margin-top=""0"" data-game-info=""false"" data-comments=""true"" data-shares=""true"" data-embed-by=""8b5d7ca4-2ecb-44ce-a5d5-1fad039bbbd1"" data-key=""Default""></div>"	Did You Know presents ...Trivia Tuesday!
90318628731	2014-06-30 03:50:05 GMT	"<p><figure class=""tmblr-full"" data-orig-height=""398"" data-orig-width=""500"" data-orig-src=""https://64.media.tumblr.com/ec2a0c39e115a5e14feaf3fe02b5eb72/tumblr_inline_n7yqlplN3s1qauoq4.jpg""><img src=""https://64.media.tumblr.com/72bdb3dd4c90fe3d4548e7c8fabfca79/tumblr_inline_p9flmoHkUf1qauoq4_540.jpg"" data-orig-height=""398"" data-orig-width=""500"" data-orig-src=""https://64.media.tumblr.com/ec2a0c39e115a5e14feaf3fe02b5eb72/tumblr_inline_n7yqlplN3s1qauoq4.jpg""/></figure></p>
<p>The crab louse (Pthirus pubis) is a 2mm-long insect that lives on the pubic hair and eyelashes of humans. It is an obligate exoparasite that feeds exclusively on human blood and can be easily transmitted between sexual partners.</p>"	The Crab Louse
90218271391	2014-06-29 04:01:00 GMT	"<p><figure class=""tmblr-full"" data-orig-height=""333"" data-orig-width=""500"" data-orig-src=""https://64.media.tumblr.com/84afbc4625597ddf57e1910934a65108/tumblr_inline_n7wwg0erTk1qauoq4.jpg""><img alt=""image"" src=""https://64.media.tumblr.com/84afbc4625597ddf57e1910934a65108/tumblr_inline_p7jmcb9PEJ1qauoq4_540.jpg"" data-orig-height=""333"" data-orig-width=""500"" data-orig-src=""https://64.media.tumblr.com/84afbc4625597ddf57e1910934a65108/tumblr_inline_n7wwg0erTk1qauoq4.jpg""/></figure></p>

<p><figure class=""tmblr-full"" data-orig-height=""333"" data-orig-width=""500"" data-orig-src=""https://64.media.tumblr.com/5ab78d00398351c979d3843f6a03fa4e/tumblr_inline_n7wwgaehGR1qauoq4.jpg""><img alt=""image"" src=""https://64.media.tumblr.com/ebcc95e6871d563c8794aaa0121b9a00/tumblr_inline_p7jmcbC0S91qauoq4_540.jpg"" data-orig-height=""333"" data-orig-width=""500"" data-orig-src=""https://64.media.tumblr.com/5ab78d00398351c979d3843f6a03fa4e/tumblr_inline_n7wwgaehGR1qauoq4.jpg""/></figure></p>

<p><figure class=""tmblr-full"" data-orig-height=""298"" data-orig-width=""500"" data-orig-src=""https://64.media.tumblr.com/c938b093bdb43e6528b24418bf43ea86/tumblr_inline_n7wwglF6fj1qauoq4.jpg""><img alt=""image"" src=""https://64.media.tumblr.com/1336b2cc77d23bed6d025b4efcb3d1b9/tumblr_inline_p7jmcbCYbj1qauoq4_540.jpg"" data-orig-height=""298"" data-orig-width=""500"" data-orig-src=""https://64.media.tumblr.com/c938b093bdb43e6528b24418bf43ea86/tumblr_inline_n7wwglF6fj1qauoq4.jpg""/></figure></p>

<p><figure class=""tmblr-full"" data-orig-height=""252"" data-orig-width=""484"" data-orig-src=""https://64.media.tumblr.com/55bf775a1c9f98f42020027271389386/tumblr_inline_n7wwguPFLg1qauoq4.jpg""><img alt=""image"" src=""https://64.media.tumblr.com/55bf775a1c9f98f42020027271389386/tumblr_inline_p7jmcbLVZf1qauoq4_540.jpg"" data-orig-height=""252"" data-orig-width=""484"" data-orig-src=""https://64.media.tumblr.com/55bf775a1c9f98f42020027271389386/tumblr_inline_n7wwguPFLg1qauoq4.jpg""/></figure></p>"	In the New York Museum of Sex, there's a bouncy castle made of boobs
89832077426	2014-06-25 04:56:58 GMT	"<p><figure class=""tmblr-full"" data-orig-height=""333"" data-orig-width=""500"" data-orig-src=""https://64.media.tumblr.com/8c36bb094957e753955a535f850baff3/tumblr_inline_n7pkawt1Ux1qauoq4.jpg""><img src=""https://64.media.tumblr.com/f8c8c7cebfc88158e3999f258c847290/tumblr_inline_p8n8qgfKqx1qauoq4_540.jpg"" data-orig-height=""333"" data-orig-width=""500"" data-orig-src=""https://64.media.tumblr.com/8c36bb094957e753955a535f850baff3/tumblr_inline_n7pkawt1Ux1qauoq4.jpg""/></figure></p>

<p><figure class=""tmblr-full"" data-orig-height=""750"" data-orig-width=""500"" data-orig-src=""https://64.media.tumblr.com/0b4cae61a06947c961123644a9ed727c/tumblr_inline_n7pkb9CI3j1qauoq4.jpg""><img src=""https://64.media.tumblr.com/d4864f4289d5a475bbe4fa1fcde0a392/tumblr_inline_p8n8qgURaE1qauoq4_540.jpg"" data-orig-height=""750"" data-orig-width=""500"" data-orig-src=""https://64.media.tumblr.com/0b4cae61a06947c961123644a9ed727c/tumblr_inline_n7pkb9CI3j1qauoq4.jpg""/></figure></p>

<p><figure class=""tmblr-full"" data-orig-height=""723"" data-orig-width=""500"" data-orig-src=""https://64.media.tumblr.com/c689aa3682a7197252ca4f86805b858a/tumblr_inline_n7pkbjfeqJ1qauoq4.jpg""><img src=""https://64.media.tumblr.com/f35d010571d438fe41c4a924aa45ae8a/tumblr_inline_p8n8qhrzjz1qauoq4_540.jpg"" data-orig-height=""723"" data-orig-width=""500"" data-orig-src=""https://64.media.tumblr.com/c689aa3682a7197252ca4f86805b858a/tumblr_inline_n7pkbjfeqJ1qauoq4.jpg""/></figure></p>

<p><figure class=""tmblr-full"" data-orig-height=""333"" data-orig-width=""500"" data-orig-src=""https://64.media.tumblr.com/bfb228aa54b9c56490b827108a2cd740/tumblr_inline_n7pkbuNbRF1qauoq4.jpg""><img src=""https://64.media.tumblr.com/3e59151e7f3a1c6df733824dc26aa68d/tumblr_inline_p8n8qhrOvw1qauoq4_540.jpg"" data-orig-height=""333"" data-orig-width=""500"" data-orig-src=""https://64.media.tumblr.com/bfb228aa54b9c56490b827108a2cd740/tumblr_inline_n7pkbuNbRF1qauoq4.jpg""/></figure></p>

<p><a href=""http://www.people.com/article/jinna-yang-grease-glamour-blogger-travels-with-cutout-of-late-father"" target=""_blank"">Source</a></p>"	A grieving daughter travels the world with cardboard cutout of her late father to show him the places he always wanted to visit.
89230527151	2014-06-19 04:45:28 GMT	"<p><figure class=""tmblr-full"" data-orig-height=""448"" data-orig-width=""500"" data-orig-src=""https://64.media.tumblr.com/1796c3926f0c615f0971f1e57c527f7f/tumblr_inline_n7efuziGOE1qauoq4.jpg""><img src=""https://64.media.tumblr.com/7fb42e6af53614572a8ba9104fe4abf5/tumblr_inline_p8oohsswez1qauoq4_540.jpg"" data-orig-height=""448"" data-orig-width=""500"" data-orig-src=""https://64.media.tumblr.com/1796c3926f0c615f0971f1e57c527f7f/tumblr_inline_n7efuziGOE1qauoq4.jpg""/></figure></p>

<p>These &ldquo;stars&rdquo; are exoskeletons of marine protozoas that lived on the ocean floor up to 550 million years ago and have washed up, most famously, on Okinawa&rsquo;s Hoshizuna Beach.</p>"	The sand in Okinawa, Japan, is made up of tiny star shaped particles.
88532673981	2014-06-12 02:32:15 GMT	"<p><figure class=""tmblr-full"" data-orig-height=""368"" data-orig-width=""500"" data-orig-src=""https://64.media.tumblr.com/0b460fd5b95b3c0e57372c04a98648a8/tumblr_inline_n71b00cW9I1qauoq4.jpg""><img src=""https://64.media.tumblr.com/eeb3abb361b1c2acf79c5c7cfe453545/tumblr_inline_p9fn04fppL1qauoq4_540.jpg"" data-orig-height=""368"" data-orig-width=""500"" data-orig-src=""https://64.media.tumblr.com/0b460fd5b95b3c0e57372c04a98648a8/tumblr_inline_n71b00cW9I1qauoq4.jpg""/></figure></p>

<p><figure class=""tmblr-full"" data-orig-height=""335"" data-orig-width=""500"" data-orig-src=""https://64.media.tumblr.com/263858e442a366dded6aa6343fa7d24d/tumblr_inline_n71b0b0Mj21qauoq4.jpg""><img src=""https://64.media.tumblr.com/4a4dee8d1401f6ac54ecffe34f38b20b/tumblr_inline_p9fn05n0nr1qauoq4_540.jpg"" data-orig-height=""335"" data-orig-width=""500"" data-orig-src=""https://64.media.tumblr.com/263858e442a366dded6aa6343fa7d24d/tumblr_inline_n71b0b0Mj21qauoq4.jpg""/></figure></p>

<p><figure class=""tmblr-full"" data-orig-height=""330"" data-orig-width=""500"" data-orig-src=""https://64.media.tumblr.com/b7bed7a03d5bed84823446eceb8c9834/tumblr_inline_n71b0ksW2J1qauoq4.jpg""><img src=""https://64.media.tumblr.com/ebb17ebbba3b6de78c2e220661c88057/tumblr_inline_p9fn05sZmB1qauoq4_540.jpg"" data-orig-height=""330"" data-orig-width=""500"" data-orig-src=""https://64.media.tumblr.com/b7bed7a03d5bed84823446eceb8c9834/tumblr_inline_n71b0ksW2J1qauoq4.jpg""/></figure></p>
<p>Yangsi, a remote village in southwest China‚Äôs Sichuan Province, has baffling scientists for decades. Around 40 percent of its inhabitants are several heads shorter than the average human being. 36 of the village‚Äôs 80 residents are dwarfs ‚Äì the tallest one is about 3 ft. 10 inches tall and the shortest, 2 ft. 1 inch. That‚Äôs too large a percentage to be categorized as random occurrence, but so far no one has been able to provide a better explanation.</p>

<p></p>"	There‚Äôs a village in China where 40% of the residents are dwarves. The tallest one is about 3ft 10inches.
87569618701	2014-06-02 05:03:14 GMT	"<p><figure class=""tmblr-full"" data-orig-height=""325"" data-orig-width=""500"" data-orig-src=""https://64.media.tumblr.com/67b3e31b530e42f61aa22091b1e1f964/tumblr_inline_n6izb0HH5m1qauoq4.jpg""><img src=""https://64.media.tumblr.com/ca0caafe6e64658a4c51cebebb6dcf31/tumblr_inline_p9z2joCclb1qauoq4_540.jpg"" data-orig-height=""325"" data-orig-width=""500"" data-orig-src=""https://64.media.tumblr.com/67b3e31b530e42f61aa22091b1e1f964/tumblr_inline_n6izb0HH5m1qauoq4.jpg""/></figure><figure class=""tmblr-full"" data-orig-height=""318"" data-orig-width=""500"" data-orig-src=""https://64.media.tumblr.com/5e3ad653c48bf5015e30dbc0fca286de/tumblr_inline_n6izbrGSid1qauoq4.jpg""><img src=""https://64.media.tumblr.com/0bc8bf2b61d0cf3b9b05b784350a0b8b/tumblr_inline_p9z2jqpTn31qauoq4_540.jpg"" data-orig-height=""318"" data-orig-width=""500"" data-orig-src=""https://64.media.tumblr.com/5e3ad653c48bf5015e30dbc0fca286de/tumblr_inline_n6izbrGSid1qauoq4.jpg""/></figure></p>

<p></p>
<p><figure class=""tmblr-full"" data-orig-height=""303"" data-orig-width=""500"" data-orig-src=""https://64.media.tumblr.com/8d8084697ab75d1c5cbaf45eb347b5c8/tumblr_inline_n6izbaBATh1qauoq4.jpg""><img src=""https://64.media.tumblr.com/23132735e3ee451cc5eefc72c25fa6be/tumblr_inline_p9z2jruBYz1qauoq4_540.jpg"" data-orig-height=""303"" data-orig-width=""500"" data-orig-src=""https://64.media.tumblr.com/8d8084697ab75d1c5cbaf45eb347b5c8/tumblr_inline_n6izbaBATh1qauoq4.jpg""/></figure></p>

<p><a href=""http://english.cri.cn/11354/2014/05/28/2702s828882.htm"" target=""_blank"">Source</a></p>"	A Chinese man annoyed of carrying his suitcase converted it into a drivable scooter-suitcase.
87168658101	2014-05-29 03:42:00 GMT	"<p><figure class=""tmblr-full"" data-orig-height=""333"" data-orig-width=""500"" data-orig-src=""https://64.media.tumblr.com/2af7e830a059d7195286c475ff456e34/tumblr_inline_n6bgowc3rH1qauoq4.jpg""><img alt=""image"" src=""https://64.media.tumblr.com/eef5864a96eca1ee1a442002806f66c7/tumblr_inline_p8otyd1rBK1qauoq4_540.jpg"" data-orig-height=""333"" data-orig-width=""500"" data-orig-src=""https://64.media.tumblr.com/2af7e830a059d7195286c475ff456e34/tumblr_inline_n6bgowc3rH1qauoq4.jpg""/></figure></p>

<p><figure class=""tmblr-full"" data-orig-height=""333"" data-orig-width=""500"" data-orig-src=""https://64.media.tumblr.com/45cb014206c72e99c004b624d6ddc8bb/tumblr_inline_n6bgp6OWFz1qauoq4.jpg""><img alt=""image"" src=""https://64.media.tumblr.com/e617a7e96a0227898efb645da500fa14/tumblr_inline_p8otyeYymy1qauoq4_540.jpg"" data-orig-height=""333"" data-orig-width=""500"" data-orig-src=""https://64.media.tumblr.com/45cb014206c72e99c004b624d6ddc8bb/tumblr_inline_n6bgp6OWFz1qauoq4.jpg""/></figure></p>

<p><figure class=""tmblr-full"" data-orig-height=""260"" data-orig-width=""500"" data-orig-src=""https://64.media.tumblr.com/f88bce7859ac79b9dad2233c02cc148b/tumblr_inline_n6bgplK65v1qauoq4.jpg""><img alt=""image"" src=""https://64.media.tumblr.com/78dd68f81e3450b7c2169b62f2737de9/tumblr_inline_p8otyeeR0b1qauoq4_540.jpg"" data-orig-height=""260"" data-orig-width=""500"" data-orig-src=""https://64.media.tumblr.com/f88bce7859ac79b9dad2233c02cc148b/tumblr_inline_n6bgplK65v1qauoq4.jpg""/></figure></p>

<p><iframe frameborder=""0"" height=""315"" src=""//www.youtube.com/embed/GmDl_giar8g"" width=""560""></iframe></p>
<p><a href=""http://didyouknowblog.com"" target=""_blank"">Video</a></p>"	Deep in the western Amazon rainforest, live butterflies that drink turtle tears.
86852602526	2014-05-26 01:59:10 GMT	"<p><a class=""tumblr_blog"" href=""http://didyouknowblog.net/post/86754236631/some-old-books-have-hidden-messages-on-the-edge-of"" target=""_blank"">didyouknowblog2</a>:</p>
<blockquote>
<p><figure class=""tmblr-full"" data-orig-height=""323"" data-orig-width=""500"" data-orig-src=""https://64.media.tumblr.com/5eb6eee57d9fc90c066254e39297cb42/tumblr_inline_n640zxdA3O1qauoq4.jpg""><img alt=""image"" src=""https://64.media.tumblr.com/823fe37e1cd541ca774a53245d6c0aca/tumblr_inline_p7k0tqV5yz1qauoq4_540.jpg"" data-orig-height=""323"" data-orig-width=""500"" data-orig-src=""https://64.media.tumblr.com/5eb6eee57d9fc90c066254e39297cb42/tumblr_inline_n640zxdA3O1qauoq4.jpg""/></figure></p>
<p><figure class=""tmblr-full"" data-orig-height=""319"" data-orig-width=""500"" data-orig-src=""https://64.media.tumblr.com/d3ca41626f3bbfe2c78109b180b3ac22/tumblr_inline_n641078yt51qauoq4.jpg""><img alt=""image"" src=""https://64.media.tumblr.com/911adab5bf7d32800386844396e1e030/tumblr_inline_p7k0tscfG81qauoq4_540.jpg"" data-orig-height=""319"" data-orig-width=""500"" data-orig-src=""https://64.media.tumblr.com/d3ca41626f3bbfe2c78109b180b3ac22/tumblr_inline_n641078yt51qauoq4.jpg""/></figure></p>
<p><figure class=""tmblr-full"" data-orig-height=""282"" data-orig-width=""500"" data-orig-src=""https://64.media.tumblr.com/c5a4ec1e26c43a5db1922aa0ac583745/tumblr_inline_n6410wZ67U1qauoq4.gif""><img alt=""image"" src=""https://64.media.tumblr.com/4792470abdcfb26f67e74b70d3f5b291/tumblr_inline_p7k0tshBPU1qauoq4_540.gif"" data-orig-height=""282"" data-orig-width=""500"" data-orig-src=""https://64.media.tumblr.com/c5a4ec1e26c43a5db1922aa0ac583745/tumblr_inline_n6410wZ67U1qauoq4.gif""/></figure></p>
<p><figure data-orig-height=""231"" data-orig-width=""250"" data-orig-src=""https://64.media.tumblr.com/679c572c38a997635180b956b84b8fe9/tumblr_inline_n6412gQz3V1qauoq4.gif""><img alt=""image"" src=""https://64.media.tumblr.com/679c572c38a997635180b956b84b8fe9/tumblr_inline_p7k0tt3Sob1qauoq4_540.gif"" data-orig-height=""231"" data-orig-width=""250"" data-orig-src=""https://64.media.tumblr.com/679c572c38a997635180b956b84b8fe9/tumblr_inline_n6412gQz3V1qauoq4.gif""/></figure></p>
<p>This was done through a technique called ‚Äúfore-edge painting,‚Äù which is an illustration that is hidden on the edge of the pages of the book. The technique allegedly dates back to the 1650s.</p>
</blockquote>"	Some old books have hidden messages on the edge of their pages.
86374814071	2014-05-21 03:38:55 GMT	"<p><figure class=""tmblr-full"" data-orig-height=""281"" data-orig-width=""500"" data-orig-src=""https://64.media.tumblr.com/9b1cf123840039a9bfcd5a59f442fbf0/tumblr_inline_n5wneskRg01qauoq4.jpg""><img src=""https://64.media.tumblr.com/b6f680b28debef4efd5a76371ed355ca/tumblr_inline_p7tl8c1be81qauoq4_540.jpg"" data-orig-height=""281"" data-orig-width=""500"" data-orig-src=""https://64.media.tumblr.com/9b1cf123840039a9bfcd5a59f442fbf0/tumblr_inline_n5wneskRg01qauoq4.jpg""/></figure></p>

<p><figure class=""tmblr-full"" data-orig-height=""281"" data-orig-width=""500"" data-orig-src=""https://64.media.tumblr.com/db7d81aecd3d0eb6e8788345c3348ee6/tumblr_inline_n5wnf44CHe1qauoq4.jpg""><img src=""https://64.media.tumblr.com/0f18b33dbab11d04dc8f849d622836bf/tumblr_inline_p7tl8dRT8q1qauoq4_540.jpg"" data-orig-height=""281"" data-orig-width=""500"" data-orig-src=""https://64.media.tumblr.com/db7d81aecd3d0eb6e8788345c3348ee6/tumblr_inline_n5wnf44CHe1qauoq4.jpg""/></figure></p>

<p><figure class=""tmblr-full"" data-orig-height=""281"" data-orig-width=""500"" data-orig-src=""https://64.media.tumblr.com/89a92b0da48d7e012af5ccdfcc1e3185/tumblr_inline_n5wnfgqBMh1qauoq4.jpg""><img src=""https://64.media.tumblr.com/674b2ae91c63e8995513477feb7ceafe/tumblr_inline_p7tl8dyDpD1qauoq4_540.jpg"" data-orig-height=""281"" data-orig-width=""500"" data-orig-src=""https://64.media.tumblr.com/89a92b0da48d7e012af5ccdfcc1e3185/tumblr_inline_n5wnfgqBMh1qauoq4.jpg""/></figure></p>

<p><a href=""http://blog.sfgate.com/sfmoms/2014/05/05/bay-area-dad-makes-sons-dream-come-true-builds-backyard-roller-coaster/#23071101=0"" target=""_blank"">Source</a></p>"	A 50 year old dad from San Francisco built a 50-meter-long roller coaster in his backyard for his kids.
